{"cameraMode":{"drawMode":1,"name":"Wireframe","section":"Shading Mode"},"sceneLighting":true,"audioPlay":false,"sceneViewState":{"m_AlwaysRefresh":false,"showFog":true,"showSkybox":true,"showFlares":true,"showImageEffects":true,"showParticleSystems":true,"showVisualEffectGraphs":true,"m_FxEnabled":true},"in2DMode":false,"pivot":{"x":0.05220557749271393,"y":0.7791718244552612,"z":3.9115381240844728},"rotation":{"x":-0.061273496598005298,"y":-0.004881403408944607,"z":0.0002981085272040218,"w":-0.9981428980827332},"size":7.851629257202148,"orthographic":false}